Energy (GeV),Mass (GeV),Cross Section / C_{\mu 	au}^2 (fb)
100,1.77,2.575782676402626
100,2.0,2.044533553738692
100,2.36,1.4824410963569408
100,2.7199999999999998,1.0983844009491848
100,3.08,0.818042033052384
100,3.44,0.6097968951144382
100,3.8,0.4549222606737675
100,4.16,0.3394370022439883
100,4.52,0.2529055938855849
100,4.88,0.18790153839349227
100,5.24,0.13907962560299017
100,5.6,0.10244888768728894
100,5.96,0.07502180122894749
100,6.32,0.05454514887188579
100,6.68,0.03932495104892822
100,7.04,0.028065499602816242
100,7.3999999999999995,0.01979003137520435
100,7.76,0.013754890213100703
100,8.120000000000001,0.009396693196350088
100,8.48,0.0062864356257766865
100,8.84,0.004099322669272085
100,9.2,0.0025885496603493823
100,9.559999999999999,0.001568854958849408
100,9.92,0.0009018727544194055
100,10.28,0.0004824496357497847
100,10.64,0.00023353181009120073
100,11.0,9.729371463047604e-05
100,11.36,3.1722647003006766e-05
100,11.719999999999999,6.43570229669772e-06
100,12.08,3.441767907206045e-07
100,12.44,0.0
100,12.799999999999999,0.0
100,13.16,0.0
100,13.52,0.0
100,13.879999999999999,0.0
100,14.24,0.0
100,14.6,0.0
100,14.959999999999999,0.0
100,15.32,0.0
100,15.68,0.0
100,16.04,0.0
100,16.4,0.0
100,16.759999999999998,0.0
100,17.119999999999997,0.0
100,17.479999999999997,0.0
100,17.84,0.0
100,18.2,0.0
100,18.56,0.0
100,18.919999999999998,0.0
100,19.28,0.0
100,19.64,0.0
100,20.0,0.0
100,21.0,0.0
100,22.0,0.0
100,23.0,0.0
100,24.0,0.0
100,25.0,0.0
100,26.0,0.0
100,27.0,0.0
100,28.0,0.0
100,29.0,0.0
100,30.0,0.0
100,31.0,0.0
100,32.0,0.0
100,33.0,0.0
100,34.0,0.0
100,35.0,0.0
100,36.0,0.0
100,37.0,0.0
100,38.0,0.0
100,39.0,0.0
100,40.0,0.0
100,41.0,0.0
100,42.0,0.0
100,43.0,0.0
100,44.0,0.0
100,45.0,0.0
100,46.0,0.0
100,47.0,0.0
100,48.0,0.0
100,49.0,0.0
100,50.0,0.0
100,51.0,0.0
100,52.0,0.0
100,53.0,0.0
100,54.0,0.0
100,55.0,0.0
100,56.0,0.0
100,57.0,0.0
100,58.0,0.0
100,59.0,0.0
100,60.0,0.0
100,61.0,0.0
100,62.0,0.0
100,63.0,0.0
100,64.0,0.0
100,65.0,0.0
100,66.0,0.0
100,67.0,0.0
100,68.0,0.0
100,69.0,0.0
100,70.0,0.0
100,71.0,0.0
100,72.0,0.0
100,73.0,0.0
100,74.0,0.0
100,75.0,0.0
100,76.0,0.0
100,77.0,0.0
100,78.0,0.0
100,79.0,0.0
100,80.0,0.0
100,81.0,0.0
100,82.0,0.0
100,83.0,0.0
100,84.0,0.0
100,85.0,0.0
100,86.0,0.0
100,87.0,0.0
100,88.0,0.0
100,89.0,0.0
100,90.0,0.0
100,91.0,0.0
100,92.0,0.0
100,93.0,0.0
100,94.0,0.0
100,95.0,0.0
100,96.0,0.0
100,97.0,0.0
100,98.0,0.0
100,99.0,0.0
126,1.77,3.9131183936218594
126,2.0,2.971659615231543
126,2.36,2.0611081988534963
126,2.7199999999999998,1.513586668615747
126,3.08,1.1442789847384562
126,3.44,0.8741367929682183
126,3.8,0.6696319089748133
126,4.16,0.5136337203140898
126,4.52,0.3944583533460623
126,4.88,0.30307872615917525
126,5.24,0.2326816884815846
126,5.6,0.1783169331262123
126,5.96,0.1362894464645538
126,6.32,0.1038193165788416
126,6.68,0.07876377675132551
126,7.04,0.05945643456073548
126,7.3999999999999995,0.0446187576326201
126,7.76,0.03325255924287483
126,8.120000000000001,0.024584884288446584
126,8.48,0.018001499873469922
126,8.84,0.013036456847583875
126,9.2,0.009316634734243245
126,9.559999999999999,0.00655641429217042
126,9.92,0.004527229625727895
126,10.28,0.0030571066713402394
126,10.64,0.002007682974023924
126,11.0,0.00127378374837367
126,11.36,0.0007736210552988532
126,11.719999999999999,0.00044397603833435057
126,12.08,0.00023590009003383232
126,12.44,0.00011230921737900489
126,12.799999999999999,4.536924555032549e-05
126,13.16,1.3909038460609326e-05
126,13.52,2.447965890770499e-06
126,13.879999999999999,7.112240379005492e-08
126,14.24,0.0
126,14.6,0.0
126,14.959999999999999,0.0
126,15.32,0.0
126,15.68,0.0
126,16.04,0.0
126,16.4,0.0
126,16.759999999999998,0.0
126,17.119999999999997,0.0
126,17.479999999999997,0.0
126,17.84,0.0
126,18.2,0.0
126,18.56,0.0
126,18.919999999999998,0.0
126,19.28,0.0
126,19.64,0.0
126,20.0,0.0
126,21.0,0.0
126,22.0,0.0
126,23.0,0.0
126,24.0,0.0
126,25.0,0.0
126,26.0,0.0
126,27.0,0.0
126,28.0,0.0
126,29.0,0.0
126,30.0,0.0
126,31.0,0.0
126,32.0,0.0
126,33.0,0.0
126,34.0,0.0
126,35.0,0.0
126,36.0,0.0
126,37.0,0.0
126,38.0,0.0
126,39.0,0.0
126,40.0,0.0
126,41.0,0.0
126,42.0,0.0
126,43.0,0.0
126,44.0,0.0
126,45.0,0.0
126,46.0,0.0
126,47.0,0.0
126,48.0,0.0
126,49.0,0.0
126,50.0,0.0
126,51.0,0.0
126,52.0,0.0
126,53.0,0.0
126,54.0,0.0
126,55.0,0.0
126,56.0,0.0
126,57.0,0.0
126,58.0,0.0
126,59.0,0.0
126,60.0,0.0
126,61.0,0.0
126,62.0,0.0
126,63.0,0.0
126,64.0,0.0
126,65.0,0.0
126,66.0,0.0
126,67.0,0.0
126,68.0,0.0
126,69.0,0.0
126,70.0,0.0
126,71.0,0.0
126,72.0,0.0
126,73.0,0.0
126,74.0,0.0
126,75.0,0.0
126,76.0,0.0
126,77.0,0.0
126,78.0,0.0
126,79.0,0.0
126,80.0,0.0
126,81.0,0.0
126,82.0,0.0
126,83.0,0.0
126,84.0,0.0
126,85.0,0.0
126,86.0,0.0
126,87.0,0.0
126,88.0,0.0
126,89.0,0.0
126,90.0,0.0
126,91.0,0.0
126,92.0,0.0
126,93.0,0.0
126,94.0,0.0
126,95.0,0.0
126,96.0,0.0
126,97.0,0.0
126,98.0,0.0
126,99.0,0.0
158,1.77,6.401112264518161
158,2.0,4.680072447553667
158,2.36,3.033266807415814
158,2.7199999999999998,2.1143179358492112
158,3.08,1.5629715730847606
158,3.44,1.197782133039002
158,3.8,0.9336562795607612
158,4.16,0.7322852375154835
158,4.52,0.5756046505609812
158,4.88,0.45307095783780754
158,5.24,0.35712143044649436
158,5.6,0.2816984712374997
158,5.96,0.22216900669242837
158,6.32,0.17502816679508673
158,6.68,0.13764337280399078
158,7.04,0.10800587504262243
158,7.3999999999999995,0.08451454918490883
158,7.76,0.06590963565524745
158,8.120000000000001,0.05119636103897997
158,8.48,0.03957450838416439
158,8.84,0.030429747587026254
158,9.2,0.023250136605766466
158,9.559999999999999,0.017635383168795617
158,9.92,0.013266644162938428
158,10.28,0.009883337689236594
158,10.64,0.007280691139045711
158,11.0,0.005294654953293071
158,11.36,0.0037912170805532606
158,11.719999999999999,0.002666021523852544
158,12.08,0.0018343277713429459
158,12.44,0.0012284612327328685
158,12.799999999999999,0.0007959725260875193
158,13.16,0.0004945434337909593
158,13.52,0.0002911643738236662
158,13.879999999999999,0.000159557057085828
158,14.24,7.929275234743241e-05
158,14.6,3.399708125667906e-05
158,14.959999999999999,1.1493095460009631e-05
158,15.32,2.488046148874812e-06
158,15.68,1.6418530995533838e-07
158,16.04,0.0
158,16.4,0.0
158,16.759999999999998,0.0
158,17.119999999999997,0.0
158,17.479999999999997,0.0
158,17.84,0.0
158,18.2,0.0
158,18.56,0.0
158,18.919999999999998,0.0
158,19.28,0.0
158,19.64,0.0
158,20.0,0.0
158,21.0,0.0
158,22.0,0.0
158,23.0,0.0
158,24.0,0.0
158,25.0,0.0
158,26.0,0.0
158,27.0,0.0
158,28.0,0.0
158,29.0,0.0
158,30.0,0.0
158,31.0,0.0
158,32.0,0.0
158,33.0,0.0
158,34.0,0.0
158,35.0,0.0
158,36.0,0.0
158,37.0,0.0
158,38.0,0.0
158,39.0,0.0
158,40.0,0.0
158,41.0,0.0
158,42.0,0.0
158,43.0,0.0
158,44.0,0.0
158,45.0,0.0
158,46.0,0.0
158,47.0,0.0
158,48.0,0.0
158,49.0,0.0
158,50.0,0.0
158,51.0,0.0
158,52.0,0.0
158,53.0,0.0
158,54.0,0.0
158,55.0,0.0
158,56.0,0.0
158,57.0,0.0
158,58.0,0.0
158,59.0,0.0
158,60.0,0.0
158,61.0,0.0
158,62.0,0.0
158,63.0,0.0
158,64.0,0.0
158,65.0,0.0
158,66.0,0.0
158,67.0,0.0
158,68.0,0.0
158,69.0,0.0
158,70.0,0.0
158,71.0,0.0
158,72.0,0.0
158,73.0,0.0
158,74.0,0.0
158,75.0,0.0
158,76.0,0.0
158,77.0,0.0
158,78.0,0.0
158,79.0,0.0
158,80.0,0.0
158,81.0,0.0
158,82.0,0.0
158,83.0,0.0
158,84.0,0.0
158,85.0,0.0
158,86.0,0.0
158,87.0,0.0
158,88.0,0.0
158,89.0,0.0
158,90.0,0.0
158,91.0,0.0
158,92.0,0.0
158,93.0,0.0
158,94.0,0.0
158,95.0,0.0
158,96.0,0.0
158,97.0,0.0
158,98.0,0.0
158,99.0,0.0
200,1.77,11.115514943049819
200,2.0,8.044178265699395
200,2.36,4.9905672489397155
200,2.7199999999999998,3.2621274588847955
200,3.08,2.269252563124881
200,3.44,1.6727656769509576
200,3.8,1.2871926294621179
200,4.16,1.0163254132980866
200,4.52,0.8126047664915943
200,4.88,0.6530625581340848
200,5.24,0.5259467568021828
200,5.6,0.42417093390049176
200,5.96,0.34255979876976667
200,6.32,0.27695365315929893
200,6.68,0.2239994445391898
200,7.04,0.18111950084922834
200,7.3999999999999995,0.14631929309856118
200,7.76,0.11804520891480474
200,8.120000000000001,0.09506806977471673
200,8.48,0.07640733183098096
200,8.84,0.06125206188584814
200,9.2,0.048960888770596164
200,9.559999999999999,0.038996291503677116
200,9.92,0.03093993135211855
200,10.28,0.024434387701251614
200,10.64,0.019200992936774738
200,11.0,0.014998413505336624
200,11.36,0.011638294640071378
200,11.719999999999999,0.008963260010547817
200,12.08,0.006843784017490316
200,12.44,0.005173961007084361
200,12.799999999999999,0.0038670644127364847
200,13.16,0.0028515633740495523
200,13.52,0.0020708133820589647
200,13.879999999999999,0.0014763157135604544
200,14.24,0.0010296170299963613
200,14.6,0.0006997212268486433
200,14.959999999999999,0.00046032794182351123
200,15.32,0.0002910966181490532
200,15.68,0.00017466073611323825
200,16.04,9.776998177701997e-05
200,16.4,4.976391112897057e-05
200,16.759999999999998,2.2091341256982158e-05
200,17.119999999999997,7.905335802871264e-06
200,17.479999999999997,1.8978168350095656e-06
200,17.84,1.7393055069567425e-07
200,18.2,0.0
200,18.56,0.0
200,18.919999999999998,0.0
200,19.28,0.0
200,19.64,0.0
200,20.0,0.0
200,21.0,0.0
200,22.0,0.0
200,23.0,0.0
200,24.0,0.0
200,25.0,0.0
200,26.0,0.0
200,27.0,0.0
200,28.0,0.0
200,29.0,0.0
200,30.0,0.0
200,31.0,0.0
200,32.0,0.0
200,33.0,0.0
200,34.0,0.0
200,35.0,0.0
200,36.0,0.0
200,37.0,0.0
200,38.0,0.0
200,39.0,0.0
200,40.0,0.0
200,41.0,0.0
200,42.0,0.0
200,43.0,0.0
200,44.0,0.0
200,45.0,0.0
200,46.0,0.0
200,47.0,0.0
200,48.0,0.0
200,49.0,0.0
200,50.0,0.0
200,51.0,0.0
200,52.0,0.0
200,53.0,0.0
200,54.0,0.0
200,55.0,0.0
200,56.0,0.0
200,57.0,0.0
200,58.0,0.0
200,59.0,0.0
200,60.0,0.0
200,61.0,0.0
200,62.0,0.0
200,63.0,0.0
200,64.0,0.0
200,65.0,0.0
200,66.0,0.0
200,67.0,0.0
200,68.0,0.0
200,69.0,0.0
200,70.0,0.0
200,71.0,0.0
200,72.0,0.0
200,73.0,0.0
200,74.0,0.0
200,75.0,0.0
200,76.0,0.0
200,77.0,0.0
200,78.0,0.0
200,79.0,0.0
200,80.0,0.0
200,81.0,0.0
200,82.0,0.0
200,83.0,0.0
200,84.0,0.0
200,85.0,0.0
200,86.0,0.0
200,87.0,0.0
200,88.0,0.0
200,89.0,0.0
200,90.0,0.0
200,91.0,0.0
200,92.0,0.0
200,93.0,0.0
200,94.0,0.0
200,95.0,0.0
200,96.0,0.0
200,97.0,0.0
200,98.0,0.0
200,99.0,0.0
251,1.77,18.669091244287458
251,2.0,13.691784399729684
251,2.36,8.501843520695406
251,2.7199999999999998,5.406978054670964
251,3.08,3.574906447560505
251,3.44,2.4843492290750513
251,3.8,1.8192678659449197
251,4.16,1.3941919168053205
251,4.52,1.1043168064940903
251,4.88,0.8925599016124577
251,5.24,0.7290591464969367
251,5.6,0.5983846325736611
251,5.96,0.4921936271398359
251,6.32,0.4053998419063549
251,6.68,0.33431246259295083
251,7.04,0.27603662499764725
251,7.3999999999999995,0.2281030537820337
251,7.76,0.18855022536709934
251,8.120000000000001,0.1558152415383191
251,8.48,0.1286759317807702
251,8.84,0.10616349845542228
251,9.2,0.08747554581539131
251,9.559999999999999,0.07197025310593477
251,9.92,0.059104078211446656
251,10.28,0.04843408446476199
251,10.64,0.039592950241772715
251,11.0,0.032274219218378954
251,11.36,0.026222682468603355
251,11.719999999999999,0.021231193606469
251,12.08,0.017121169093794585
251,12.44,0.01374413119154688
251,12.799999999999999,0.01097637380694504
251,13.16,0.008716709251892165
251,13.52,0.006877197332121433
251,13.879999999999999,0.005386976035608875
251,14.24,0.004184877166025049
251,14.6,0.0032207414300748326
251,14.959999999999999,0.0024519505065171343
251,15.32,0.0018434654945762314
251,15.68,0.0013662840869544924
251,16.04,0.00099565122893333
251,16.4,0.0007111111754514924
251,16.759999999999998,0.0004960307754218158
251,17.119999999999997,0.0003361603159560811
251,17.479999999999997,0.0002199211873262585
251,17.84,0.000137651691570889
251,18.2,8.147237297358269e-05
251,18.56,4.4709436391938456e-05
251,18.919999999999998,2.202295300500367e-05
251,19.28,9.23999474281014e-06
251,19.64,2.9983338032918186e-06
251,20.0,5.831586149923343e-07
251,21.0,0.0
251,22.0,0.0
251,23.0,0.0
251,24.0,0.0
251,25.0,0.0
251,26.0,0.0
251,27.0,0.0
251,28.0,0.0
251,29.0,0.0
251,30.0,0.0
251,31.0,0.0
251,32.0,0.0
251,33.0,0.0
251,34.0,0.0
251,35.0,0.0
251,36.0,0.0
251,37.0,0.0
251,38.0,0.0
251,39.0,0.0
251,40.0,0.0
251,41.0,0.0
251,42.0,0.0
251,43.0,0.0
251,44.0,0.0
251,45.0,0.0
251,46.0,0.0
251,47.0,0.0
251,48.0,0.0
251,49.0,0.0
251,50.0,0.0
251,51.0,0.0
251,52.0,0.0
251,53.0,0.0
251,54.0,0.0
251,55.0,0.0
251,56.0,0.0
251,57.0,0.0
251,58.0,0.0
251,59.0,0.0
251,60.0,0.0
251,61.0,0.0
251,62.0,0.0
251,63.0,0.0
251,64.0,0.0
251,65.0,0.0
251,66.0,0.0
251,67.0,0.0
251,68.0,0.0
251,69.0,0.0
251,70.0,0.0
251,71.0,0.0
251,72.0,0.0
251,73.0,0.0
251,74.0,0.0
251,75.0,0.0
251,76.0,0.0
251,77.0,0.0
251,78.0,0.0
251,79.0,0.0
251,80.0,0.0
251,81.0,0.0
251,82.0,0.0
251,83.0,0.0
251,84.0,0.0
251,85.0,0.0
251,86.0,0.0
251,87.0,0.0
251,88.0,0.0
251,89.0,0.0
251,90.0,0.0
251,91.0,0.0
251,92.0,0.0
251,93.0,0.0
251,94.0,0.0
251,95.0,0.0
251,96.0,0.0
251,97.0,0.0
251,98.0,0.0
251,99.0,0.0
316,1.77,30.29982458321514
316,2.0,22.7530215888713
316,2.36,14.526828390704049
316,2.7199999999999998,9.336314541103478
316,3.08,6.096738149609175
316,3.44,4.088138024820558
316,3.8,2.843005404848022
316,4.16,2.0633867053520243
316,4.52,1.5632766765740223
316,4.88,1.22912658333508
316,5.24,0.9935961997015537
316,5.6,0.817864676189689
316,5.96,0.6802497579697737
316,6.32,0.5688125800500565
316,6.68,0.4768587803414135
316,7.04,0.4003320961333976
316,7.3999999999999995,0.3364891182109789
316,7.76,0.28312416670527524
316,8.120000000000001,0.23846165922376705
316,8.48,0.20099822841903908
316,8.84,0.16948339884004304
316,9.2,0.14290170928404103
316,9.559999999999999,0.12043879960478933
316,9.92,0.10144730687035301
316,10.28,0.08537116622668033
316,10.64,0.07176976671618619
316,11.0,0.06025994087286106
316,11.36,0.05052081061283608
316,11.719999999999999,0.04228501624221357
316,12.08,0.03532159058922013
316,12.44,0.02943999841215266
316,12.799999999999999,0.024480516897421076
316,13.16,0.02029911429266558
316,13.52,0.016781455462660574
316,13.879999999999999,0.013827792697918595
316,14.24,0.011351506681193758
316,14.6,0.009280183153811484
316,14.959999999999999,0.007554236566638764
316,15.32,0.00611627973948667
316,15.68,0.00492627542327122
316,16.04,0.0039421179500548015
316,16.4,0.0031329094075963813
316,16.759999999999998,0.002470557836476727
316,17.119999999999997,0.0019307247591817366
316,17.479999999999997,0.001493783190661883
316,17.84,0.0011422510331970915
316,18.2,0.0008616273176994259
316,18.56,0.0006398820492406756
316,18.919999999999998,0.0004664103137996965
316,19.28,0.00033265812367979356
316,19.64,0.00023108530413121426
316,20.0,0.00015547316049827336
316,21.0,4.061100477615822e-05
316,22.0,5.371438678318677e-06
316,23.0,4.3240009487682814e-08
316,24.0,0.0
316,25.0,0.0
316,26.0,0.0
316,27.0,0.0
316,28.0,0.0
316,29.0,0.0
316,30.0,0.0
316,31.0,0.0
316,32.0,0.0
316,33.0,0.0
316,34.0,0.0
316,35.0,0.0
316,36.0,0.0
316,37.0,0.0
316,38.0,0.0
316,39.0,0.0
316,40.0,0.0
316,41.0,0.0
316,42.0,0.0
316,43.0,0.0
316,44.0,0.0
316,45.0,0.0
316,46.0,0.0
316,47.0,0.0
316,48.0,0.0
316,49.0,0.0
316,50.0,0.0
316,51.0,0.0
316,52.0,0.0
316,53.0,0.0
316,54.0,0.0
316,55.0,0.0
316,56.0,0.0
316,57.0,0.0
316,58.0,0.0
316,59.0,0.0
316,60.0,0.0
316,61.0,0.0
316,62.0,0.0
316,63.0,0.0
316,64.0,0.0
316,65.0,0.0
316,66.0,0.0
316,67.0,0.0
316,68.0,0.0
316,69.0,0.0
316,70.0,0.0
316,71.0,0.0
316,72.0,0.0
316,73.0,0.0
316,74.0,0.0
316,75.0,0.0
316,76.0,0.0
316,77.0,0.0
316,78.0,0.0
316,79.0,0.0
316,80.0,0.0
316,81.0,0.0
316,82.0,0.0
316,83.0,0.0
316,84.0,0.0
316,85.0,0.0
316,86.0,0.0
316,87.0,0.0
316,88.0,0.0
316,89.0,0.0
316,90.0,0.0
316,91.0,0.0
316,92.0,0.0
316,93.0,0.0
316,94.0,0.0
316,95.0,0.0
316,96.0,0.0
316,97.0,0.0
316,98.0,0.0
316,99.0,0.0
398,1.77,46.79870536232123
398,2.0,36.04823832474443
398,2.36,23.88730507819247
398,2.7199999999999998,15.826535362845318
398,3.08,10.530704199767834
398,3.44,7.076016632217894
398,3.8,4.834400403088691
398,4.16,3.383826611282455
398,4.52,2.443140405164932
398,4.88,1.8272493854429002
398,5.24,1.415902812004932
398,5.6,1.1322766256086396
398,5.96,0.9283096251354861
398,6.32,0.7746339243743453
398,6.68,0.6537026165080755
398,7.04,0.5552782157616566
398,7.3999999999999995,0.4733029310241464
398,7.76,0.40418095934611503
398,8.120000000000001,0.3455609778651294
398,8.48,0.2957249737335549
398,8.84,0.25332090221190656
398,9.2,0.21719657989925129
398,9.559999999999999,0.1863471904709761
398,9.92,0.15997148981323778
398,10.28,0.13735292570610028
398,10.64,0.11791761509725462
398,11.0,0.10119717178126247
398,11.36,0.08680359614028837
398,11.719999999999999,0.07440481211054692
398,12.08,0.0637307307005398
398,12.44,0.05453661938097018
398,12.799999999999999,0.04661364194313085
398,13.16,0.039794276062603974
398,13.52,0.033924742279321525
398,13.879999999999999,0.028874471666970377
398,14.24,0.024530824665295384
398,14.6,0.020799195993975297
398,14.959999999999999,0.01759742548499221
398,15.32,0.014852320790735472
398,15.68,0.01250380841367651
398,16.04,0.010496148898980493
398,16.4,0.008783186732735706
398,16.759999999999998,0.007324247519742661
398,17.119999999999997,0.006084392625661305
398,17.479999999999997,0.005033842890942269
398,17.84,0.00414508134270685
398,18.2,0.003396329473269931
398,18.56,0.002767531004709896
398,18.919999999999998,0.002240847114645489
398,19.28,0.0018021306250211454
398,19.64,0.001438114019617477
398,20.0,0.0011379152638915256
398,21.0,0.0005620692061208343
398,22.0,0.0002489108831311864
398,23.0,9.248437202960854e-05
398,24.0,2.5251023708063605e-05
398,25.0,3.6163894928467325e-06
398,26.0,4.703616550662862e-08
398,27.0,0.0
398,28.0,0.0
398,29.0,0.0
398,30.0,0.0
398,31.0,0.0
398,32.0,0.0
398,33.0,0.0
398,34.0,0.0
398,35.0,0.0
398,36.0,0.0
398,37.0,0.0
398,38.0,0.0
398,39.0,0.0
398,40.0,0.0
398,41.0,0.0
398,42.0,0.0
398,43.0,0.0
398,44.0,0.0
398,45.0,0.0
398,46.0,0.0
398,47.0,0.0
398,48.0,0.0
398,49.0,0.0
398,50.0,0.0
398,51.0,0.0
398,52.0,0.0
398,53.0,0.0
398,54.0,0.0
398,55.0,0.0
398,56.0,0.0
398,57.0,0.0
398,58.0,0.0
398,59.0,0.0
398,60.0,0.0
398,61.0,0.0
398,62.0,0.0
398,63.0,0.0
398,64.0,0.0
398,65.0,0.0
398,66.0,0.0
398,67.0,0.0
398,68.0,0.0
398,69.0,0.0
398,70.0,0.0
398,71.0,0.0
398,72.0,0.0
398,73.0,0.0
398,74.0,0.0
398,75.0,0.0
398,76.0,0.0
398,77.0,0.0
398,78.0,0.0
398,79.0,0.0
398,80.0,0.0
398,81.0,0.0
398,82.0,0.0
398,83.0,0.0
398,84.0,0.0
398,85.0,0.0
398,86.0,0.0
398,87.0,0.0
398,88.0,0.0
398,89.0,0.0
398,90.0,0.0
398,91.0,0.0
398,92.0,0.0
398,93.0,0.0
398,94.0,0.0
398,95.0,0.0
398,96.0,0.0
398,97.0,0.0
398,98.0,0.0
398,99.0,0.0
501,1.77,68.73988029273566
501,2.0,54.21233115491289
501,2.36,37.27568484725004
501,2.7199999999999998,25.58879643704901
501,3.08,17.57183793427851
501,3.44,12.098415909751475
501,3.8,8.37743354877035
501,4.16,5.857565096574154
501,4.52,4.156164267016716
501,4.88,3.0087998972488386
501,5.24,2.233488532870035
501,5.6,1.7057733220754396
501,5.96,1.3414385806844134
501,6.32,1.084100700828382
501,6.68,0.8966094367464131
501,7.04,0.754898216261258
501,7.3999999999999995,0.6436566882930761
501,7.76,0.5533824733981443
501,8.120000000000001,0.47814554166170953
501,8.48,0.41432293549063504
501,8.84,0.35960749230661254
501,9.2,0.3124356924083242
501,9.559999999999999,0.2717070136840889
501,9.92,0.2364649465193973
501,10.28,0.20596791515021373
501,10.64,0.17952840547363705
501,11.0,0.15657658154218498
501,11.36,0.13661297904099376
501,11.719999999999999,0.119214276370605
501,12.08,0.10402793288722195
501,12.44,0.0907566485902223
501,12.799999999999999,0.07915323160261055
501,13.16,0.06899613719883665
501,13.52,0.06011281238784668
501,13.879999999999999,0.052341096539417924
501,14.24,0.045537089862528114
501,14.6,0.03958212044036965
501,14.959999999999999,0.03437117958762282
501,15.32,0.02981348718139417
501,15.68,0.02582891495520764
501,16.04,0.02234491509948696
501,16.4,0.019303346909473915
501,16.759999999999998,0.01664737884678906
501,17.119999999999997,0.014331553953377346
501,17.479999999999997,0.012313913162628894
501,17.84,0.010557693514856064
501,18.2,0.00903067081406576
501,18.56,0.007706146463004397
501,18.919999999999998,0.0065582288845998865
501,19.28,0.005564525989186726
501,19.64,0.004705876869480598
501,20.0,0.0039658967798102416
501,21.0,0.002413931867634614
501,22.0,0.0014143189582507486
501,23.0,0.0007878253501793524
501,24.0,0.0004099397618408447
501,25.0,0.00019399721361863643
501,26.0,7.988005289626698e-05
501,27.0,2.601818286393006e-05
501,28.0,5.3522059929588454e-06
501,29.0,3.3513860896212895e-07
501,30.0,0.0
501,31.0,0.0
501,32.0,0.0
501,33.0,0.0
501,34.0,0.0
501,35.0,0.0
501,36.0,0.0
501,37.0,0.0
501,38.0,0.0
501,39.0,0.0
501,40.0,0.0
501,41.0,0.0
501,42.0,0.0
501,43.0,0.0
501,44.0,0.0
501,45.0,0.0
501,46.0,0.0
501,47.0,0.0
501,48.0,0.0
501,49.0,0.0
501,50.0,0.0
501,51.0,0.0
501,52.0,0.0
501,53.0,0.0
501,54.0,0.0
501,55.0,0.0
501,56.0,0.0
501,57.0,0.0
501,58.0,0.0
501,59.0,0.0
501,60.0,0.0
501,61.0,0.0
501,62.0,0.0
501,63.0,0.0
501,64.0,0.0
501,65.0,0.0
501,66.0,0.0
501,67.0,0.0
501,68.0,0.0
501,69.0,0.0
501,70.0,0.0
501,71.0,0.0
501,72.0,0.0
501,73.0,0.0
501,74.0,0.0
501,75.0,0.0
501,76.0,0.0
501,77.0,0.0
501,78.0,0.0
501,79.0,0.0
501,80.0,0.0
501,81.0,0.0
501,82.0,0.0
501,83.0,0.0
501,84.0,0.0
501,85.0,0.0
501,86.0,0.0
501,87.0,0.0
501,88.0,0.0
501,89.0,0.0
501,90.0,0.0
501,91.0,0.0
501,92.0,0.0
501,93.0,0.0
501,94.0,0.0
501,95.0,0.0
501,96.0,0.0
501,97.0,0.0
501,98.0,0.0
501,99.0,0.0
631,1.77,96.65852931275488
631,2.0,77.82660492265967
631,2.36,55.32873911446227
631,2.7199999999999998,39.29014547436558
631,3.08,27.895732002337507
631,3.44,19.8185765336854
631,3.8,14.10416369214574
631,4.16,10.06961364687908
631,4.52,7.227838118966332
631,4.88,5.230700457514336
631,5.24,3.829944894544891
631,5.6,2.8482432464689094
631,5.96,2.1594831482329884
631,6.32,1.6740929297126095
631,6.68,1.328955821442773
631,7.04,1.0800034543155788
631,7.3999999999999995,0.8965999742797193
631,7.76,0.7578643782216188
631,8.120000000000001,0.6497305966512217
631,8.48,0.562809710977454
631,8.84,0.49099194213189046
631,9.2,0.43032659913375737
631,9.559999999999999,0.3782085320995184
631,9.92,0.33296555575713344
631,10.28,0.29347257149800876
631,10.64,0.25885120235855025
631,11.0,0.2284736550844445
631,11.36,0.20180839866242625
631,11.719999999999999,0.17837328375262435
631,12.08,0.1577506507107976
631,12.44,0.13958961860816857
631,12.799999999999999,0.12356658391047073
631,13.16,0.10940930464196535
631,13.52,0.09688651706131221
631,13.879999999999999,0.08578559190653381
631,14.24,0.0759432755475438
631,14.6,0.06721254829437293
631,14.959999999999999,0.059463546150047286
631,15.32,0.05258683833581139
631,15.68,0.04648137817918324
631,16.04,0.041060794340355464
631,16.4,0.03625186267300164
631,16.759999999999998,0.031981263048164114
631,17.119999999999997,0.02819029540437389
631,17.479999999999997,0.024827060696976773
631,17.84,0.02184129014174021
631,18.2,0.019196000579409022
631,18.56,0.016850608843627272
631,18.919999999999998,0.014772749244026558
631,19.28,0.01293337569387539
631,19.64,0.011306477248555618
631,20.0,0.00986923208892952
631,21.0,0.006698896127228279
631,22.0,0.004473505067708188
631,23.0,0.0029269821914241767
631,24.0,0.0018671762621732073
631,25.0,0.0011536311052841065
631,26.0,0.0006839270176260971
631,27.0,0.00038400511967083946
631,28.0,0.00020034258129277067
631,29.0,9.429192470441719e-05
631,30.0,3.812187383371899e-05
631,31.0,1.2058932911253703e-05
631,32.0,2.2908313622109843e-06
631,33.0,1.0256158395444537e-07
631,34.0,0.0
631,35.0,0.0
631,36.0,0.0
631,37.0,0.0
631,38.0,0.0
631,39.0,0.0
631,40.0,0.0
631,41.0,0.0
631,42.0,0.0
631,43.0,0.0
631,44.0,0.0
631,45.0,0.0
631,46.0,0.0
631,47.0,0.0
631,48.0,0.0
631,49.0,0.0
631,50.0,0.0
631,51.0,0.0
631,52.0,0.0
631,53.0,0.0
631,54.0,0.0
631,55.0,0.0
631,56.0,0.0
631,57.0,0.0
631,58.0,0.0
631,59.0,0.0
631,60.0,0.0
631,61.0,0.0
631,62.0,0.0
631,63.0,0.0
631,64.0,0.0
631,65.0,0.0
631,66.0,0.0
631,67.0,0.0
631,68.0,0.0
631,69.0,0.0
631,70.0,0.0
631,71.0,0.0
631,72.0,0.0
631,73.0,0.0
631,74.0,0.0
631,75.0,0.0
631,76.0,0.0
631,77.0,0.0
631,78.0,0.0
631,79.0,0.0
631,80.0,0.0
631,81.0,0.0
631,82.0,0.0
631,83.0,0.0
631,84.0,0.0
631,85.0,0.0
631,86.0,0.0
631,87.0,0.0
631,88.0,0.0
631,89.0,0.0
631,90.0,0.0
631,91.0,0.0
631,92.0,0.0
631,93.0,0.0
631,94.0,0.0
631,95.0,0.0
631,96.0,0.0
631,97.0,0.0
631,98.0,0.0
631,99.0,0.0
794,1.77,130.5767340237263
794,2.0,107.01266516187344
794,2.36,78.29770519358057
794,2.7199999999999998,57.2853258920682
794,3.08,41.93199177076884
794,3.44,30.716098239988916
794,3.8,22.52138738813839
794,4.16,16.53453348216702
794,4.52,12.162828125783902
794,4.88,8.97317486948648
794,5.24,6.648948956437381
794,5.6,4.957794184931212
794,5.96,3.728974769579262
794,6.32,2.8367951700840965
794,6.68,2.188853371253917
794,7.04,1.7173229119618094
794,7.3999999999999995,1.3725341391134491
794,7.76,1.118344326340641
794,8.120000000000001,0.9286293069375374
794,8.48,0.7845637387940906
794,8.84,0.6728706205154248
794,9.2,0.5841550129923596
794,9.559999999999999,0.5119222611331998
794,9.92,0.4517024643535646
794,10.28,0.40045815057572304
794,10.64,0.3561688739336911
794,11.0,0.31741182265738704
794,11.36,0.28324306920506426
794,11.719999999999999,0.25297325195756093
794,12.08,0.22608252799842585
794,12.44,0.20217113252265054
794,12.799999999999999,0.18088685566358303
794,13.16,0.16193930743300816
794,13.52,0.1450512840521939
794,13.879999999999999,0.12999258968669739
794,14.24,0.11653942560949954
794,14.6,0.10451151635564891
794,14.959999999999999,0.09374638581618072
794,15.32,0.08409840595091302
794,15.68,0.07543694583116829
794,16.04,0.06766152263410502
794,16.4,0.06067501669238698
794,16.759999999999998,0.05439716516883403
794,17.119999999999997,0.048754491951370764
794,17.479999999999997,0.043682907935584644
794,17.84,0.0391249731833012
794,18.2,0.03502528513012382
794,18.56,0.03133950199566059
794,18.919999999999998,0.02802698076231547
794,19.28,0.025048064391804927
794,19.64,0.02237013757273707
794,20.0,0.019963984133460955
794,21.0,0.014489685818781215
794,22.0,0.010436503724725713
794,23.0,0.007447014588874677
794,24.0,0.005255152859786689
794,25.0,0.0036584384960100316
794,26.0,0.0025061126402273377
794,27.0,0.0016827765533272124
794,28.0,0.0011026294216793288
794,29.0,0.0007006941000568944
794,30.0,0.00042823304028396706
794,31.0,0.0002487310894066138
794,32.0,0.00013497467808081177
794,33.0,6.662705600100434e-05
794,34.0,2.8660438494841403e-05
794,35.0,9.967114586124819e-06
794,36.0,2.374244176601427e-06
794,37.0,2.1158241370176525e-07
794,38.0,3.745213156647988e-13
794,39.0,0.0
794,40.0,0.0
794,41.0,0.0
794,42.0,0.0
794,43.0,0.0
794,44.0,0.0
794,45.0,0.0
794,46.0,0.0
794,47.0,0.0
794,48.0,0.0
794,49.0,0.0
794,50.0,0.0
794,51.0,0.0
794,52.0,0.0
794,53.0,0.0
794,54.0,0.0
794,55.0,0.0
794,56.0,0.0
794,57.0,0.0
794,58.0,0.0
794,59.0,0.0
794,60.0,0.0
794,61.0,0.0
794,62.0,0.0
794,63.0,0.0
794,64.0,0.0
794,65.0,0.0
794,66.0,0.0
794,67.0,0.0
794,68.0,0.0
794,69.0,0.0
794,70.0,0.0
794,71.0,0.0
794,72.0,0.0
794,73.0,0.0
794,74.0,0.0
794,75.0,0.0
794,76.0,0.0
794,77.0,0.0
794,78.0,0.0
794,79.0,0.0
794,80.0,0.0
794,81.0,0.0
794,82.0,0.0
794,83.0,0.0
794,84.0,0.0
794,85.0,0.0
794,86.0,0.0
794,87.0,0.0
794,88.0,0.0
794,89.0,0.0
794,90.0,0.0
794,91.0,0.0
794,92.0,0.0
794,93.0,0.0
794,94.0,0.0
794,95.0,0.0
794,96.0,0.0
794,97.0,0.0
794,98.0,0.0
794,99.0,0.0
1000,1.77,170.77811298862147
1000,2.0,142.08864942820145
1000,2.36,106.55515597254035
1000,2.7199999999999998,79.9902565784411
1000,3.08,60.13352851938165
1000,3.44,45.27181940174726
1000,3.8,34.12929017701718
1000,4.16,25.761423201205787
1000,4.52,19.469603352590134
1000,4.88,14.734791790862566
1000,5.24,11.170978071185841
1000,5.6,8.488975424719296
1000,5.96,6.471808577405051
1000,6.32,4.955977358196804
1000,6.68,3.8179773354107214
1000,7.04,2.964323731545851
1000,7.3999999999999995,2.324132817795497
1000,7.76,1.8437910792411998
1000,8.120000000000001,1.4827129254577696
1000,8.48,1.2102151310846962
1000,8.84,1.0032472874067677
1000,9.2,0.8446200483205698
1000,9.559999999999999,0.7214867819794677
1000,9.92,0.6244162433511747
1000,10.28,0.546456349001379
1000,10.64,0.48261933363004855
1000,11.0,0.4292696205761155
1000,11.36,0.3838627345864911
1000,11.719999999999999,0.34457604628035227
1000,12.08,0.3101349586472585
1000,12.44,0.27964136002040335
1000,12.799999999999999,0.25244474108818765
1000,13.16,0.2280843832335379
1000,13.52,0.20619896456227735
1000,13.879999999999999,0.18650506724328048
1000,14.24,0.1687798156628308
1000,14.6,0.15280157253215762
1000,14.959999999999999,0.13839742294019006
1000,15.32,0.1254166815007627
1000,15.68,0.11369542465435045
1000,16.04,0.10310494245599096
1000,16.4,0.09353024235583077
1000,16.759999999999998,0.0848615876189649
1000,17.119999999999997,0.07700540915181084
1000,17.479999999999997,0.06988164258088536
1000,17.84,0.06341347866604716
1000,18.2,0.05754101796995884
1000,18.56,0.05220425927621644
1000,18.919999999999998,0.04735356562948647
1000,19.28,0.04294453451094814
1000,19.64,0.03893607285445381
1000,20.0,0.035290723303286545
1000,21.0,0.02681442598854688
1000,22.0,0.020305874847000038
1000,23.0,0.015310824743421363
1000,24.0,0.011484682648574034
1000,25.0,0.008562198854571395
1000,26.0,0.006335834005972465
1000,27.0,0.004648278717637875
1000,28.0,0.0033754750058703964
1000,29.0,0.002421426193541197
1000,30.0,0.0017121295764691948
1000,31.0,0.001189638147520184
1000,32.0,0.0008094366534591478
1000,33.0,0.0005367349208374769
1000,34.0,0.0003445321743382518
1000,35.0,0.0002122628876532005
1000,36.0,0.0001239682517187862
1000,37.0,6.735753256357481e-05
1000,38.0,3.308574391510585e-05
1000,39.0,1.4001727784439446e-05
1000,40.0,4.681737125296076e-06
1000,41.0,1.03336108675002e-06
1000,42.0,7.298680321701813e-08
1000,43.0,0.0
1000,44.0,0.0
1000,45.0,0.0
1000,46.0,0.0
1000,47.0,0.0
1000,48.0,0.0
1000,49.0,0.0
1000,50.0,0.0
1000,51.0,0.0
1000,52.0,0.0
1000,53.0,0.0
1000,54.0,0.0
1000,55.0,0.0
1000,56.0,0.0
1000,57.0,0.0
1000,58.0,0.0
1000,59.0,0.0
1000,60.0,0.0
1000,61.0,0.0
1000,62.0,0.0
1000,63.0,0.0
1000,64.0,0.0
1000,65.0,0.0
1000,66.0,0.0
1000,67.0,0.0
1000,68.0,0.0
1000,69.0,0.0
1000,70.0,0.0
1000,71.0,0.0
1000,72.0,0.0
1000,73.0,0.0
1000,74.0,0.0
1000,75.0,0.0
1000,76.0,0.0
1000,77.0,0.0
1000,78.0,0.0
1000,79.0,0.0
1000,80.0,0.0
1000,81.0,0.0
1000,82.0,0.0
1000,83.0,0.0
1000,84.0,0.0
1000,85.0,0.0
1000,86.0,0.0
1000,87.0,0.0
1000,88.0,0.0
1000,89.0,0.0
1000,90.0,0.0
1000,91.0,0.0
1000,92.0,0.0
1000,93.0,0.0
1000,94.0,0.0
1000,95.0,0.0
1000,96.0,0.0
1000,97.0,0.0
1000,98.0,0.0
1000,99.0,0.0
1259,1.77,216.92697804305033
1259,2.0,182.81075244865016
1259,2.36,139.98674459314984
1259,2.7199999999999998,107.40634446323696
1259,3.08,82.59937139090246
1259,3.44,63.664853406833025
1259,3.8,49.17130031380119
1259,4.16,38.04585612965543
1259,4.52,29.482638517636826
1259,4.88,22.877959895014087
1259,5.24,17.77555487397991
1259,5.6,13.828799670038391
1259,5.96,10.773588029154475
1259,6.32,8.40814759893809
1259,6.68,6.577010011700269
1259,7.04,5.160037700063017
1259,7.3999999999999995,4.064153516723207
1259,7.76,3.217162238675761
1259,8.120000000000001,2.5629162037490496
1259,8.48,2.0576585017026123
1259,8.84,1.6672794228327374
1259,9.2,1.3652704893246446
1259,9.559999999999999,1.1310517575834658
1259,9.92,0.9486290121522931
1259,10.28,0.8056781223644234
1259,10.64,0.6927255241628636
1259,11.0,0.6025022395207232
1259,11.36,0.5295005511902133
1259,11.719999999999999,0.469553441575915
1259,12.08,0.41953761842930104
1259,12.44,0.37713280689931017
1259,12.799999999999999,0.3406225046850867
1259,13.16,0.30874298430497427
1259,13.52,0.28058235875803994
1259,13.879999999999999,0.2554695930828315
1259,14.24,0.2329060582833532
1259,14.6,0.21252851865888975
1259,14.959999999999999,0.19406205067432722
1259,15.32,0.17728541930383201
1259,15.68,0.16202963888536576
1259,16.04,0.148139184445201
1259,16.4,0.1354957681438154
1259,16.759999999999998,0.12397482435465833
1259,17.119999999999997,0.11347504900309474
1259,17.479999999999997,0.1039052620566234
1259,17.84,0.09517130356798488
1259,18.2,0.08719769133537637
1259,18.56,0.0799105985704963
1259,18.919999999999998,0.07324770556725586
1259,19.28,0.06714895845927071
1259,19.64,0.061560112084096535
1259,20.0,0.056439300239122706
1259,21.0,0.04432617331920917
1259,22.0,0.034778564155408205
1259,23.0,0.027244956234464966
1259,24.0,0.02129806983918035
1259,25.0,0.016604837907411133
1259,26.0,0.012902502788814978
1259,27.0,0.009984903585402403
1259,28.0,0.007690625779446763
1259,29.0,0.0058909800677620985
1259,30.0,0.00448377486651027
1259,31.0,0.0033872923742989816
1259,32.0,0.0025369622686837834
1259,33.0,0.001881137884725039
1259,34.0,0.001378591486762869
1259,35.0,0.00099641609020514
1259,36.0,0.000708433317489133
1259,37.0,0.0004938281164816366
1259,38.0,0.00033610258270595463
1259,39.0,0.00022205864907147492
1259,40.0,0.00014135011728302438
1259,41.0,8.577861396350138e-05
1259,42.0,4.886779784406046e-05
1259,43.0,2.5521432631056134e-05
1259,44.0,1.1760282196861964e-05
1259,45.0,4.463628654488386e-06
1259,46.0,1.2206789292492538e-06
1259,47.0,1.7348194421953336e-07
1259,48.0,1.4437170548416589e-09
1259,49.0,0.0
1259,50.0,0.0
1259,51.0,0.0
1259,52.0,0.0
1259,53.0,0.0
1259,54.0,0.0
1259,55.0,0.0
1259,56.0,0.0
1259,57.0,0.0
1259,58.0,0.0
1259,59.0,0.0
1259,60.0,0.0
1259,61.0,0.0
1259,62.0,0.0
1259,63.0,0.0
1259,64.0,0.0
1259,65.0,0.0
1259,66.0,0.0
1259,67.0,0.0
1259,68.0,0.0
1259,69.0,0.0
1259,70.0,0.0
1259,71.0,0.0
1259,72.0,0.0
1259,73.0,0.0
1259,74.0,0.0
1259,75.0,0.0
1259,76.0,0.0
1259,77.0,0.0
1259,78.0,0.0
1259,79.0,0.0
1259,80.0,0.0
1259,81.0,0.0
1259,82.0,0.0
1259,83.0,0.0
1259,84.0,0.0
1259,85.0,0.0
1259,86.0,0.0
1259,87.0,0.0
1259,88.0,0.0
1259,89.0,0.0
1259,90.0,0.0
1259,91.0,0.0
1259,92.0,0.0
1259,93.0,0.0
1259,94.0,0.0
1259,95.0,0.0
1259,96.0,0.0
1259,97.0,0.0
1259,98.0,0.0
1259,99.0,0.0
1585,1.77,268.7982896297528
1585,2.0,229.00958102709697
1585,2.36,178.50385583773826
1585,2.7199999999999998,139.5195693790842
1585,3.08,109.3811522626228
1585,3.44,86.00919778912754
1585,3.8,67.81502340277622
1585,4.16,53.59891473221464
1585,4.52,42.45212111736647
1585,4.88,33.68392141569919
1585,5.24,26.767445399944176
1585,5.6,21.29940478803217
1585,5.96,16.968647792494178
1585,6.32,13.533809037524245
1585,6.68,10.80667545629986
1585,7.04,8.640349048931398
1585,7.3999999999999995,6.9189570772130535
1585,7.76,5.551243893602387
1585,8.120000000000001,4.464616669046293
1585,8.48,3.6018064014985307
1585,8.84,2.917025301566847
1585,9.2,2.3737082147519604
1585,9.559999999999999,1.9427540715389102
1585,9.92,1.600926907060696
1585,10.28,1.3295731189282765
1585,10.64,1.1138886740531555
1585,11.0,0.9420552041054283
1585,11.36,0.8046860145691097
1585,11.719999999999999,0.6942941483285292
1585,12.08,0.605029139247545
1585,12.44,0.532227967837155
1585,12.799999999999999,0.47227646697707243
1585,13.16,0.42234298584073815
1585,13.52,0.38023701860078185
1585,13.879999999999999,0.34427169800482904
1585,14.24,0.3131510741820467
1585,14.6,0.28589167396731535
1585,14.959999999999999,0.2617527033529158
1585,15.32,0.2401748006606464
1585,15.68,0.2207268584076568
1585,16.04,0.2030890248471145
1585,16.4,0.18702066886182586
1585,16.759999999999998,0.17232825491812678
1585,17.119999999999997,0.1588660288305646
1585,17.479999999999997,0.14651099970819853
1585,17.84,0.13515635203431686
1585,18.2,0.12472640559063167
1585,18.56,0.11513462741503656
1585,18.919999999999998,0.10631123830896441
1585,19.28,0.09819463470248757
1585,19.64,0.09072484362526802
1585,20.0,0.08384613891308726
1585,21.0,0.06744151769259826
1585,22.0,0.054313246029031155
1585,23.0,0.043758964195087124
1585,24.0,0.03524261787258901
1585,25.0,0.028360252145699916
1585,26.0,0.0227946783674633
1585,27.0,0.018291792962450124
1585,28.0,0.014648779829084989
1585,29.0,0.011702402777828769
1585,30.0,0.009321095398272096
1585,31.0,0.007398614245669634
1585,32.0,0.0058497823033335635
1585,33.0,0.004604088817971017
1585,34.0,0.0036053135669010575
1585,35.0,0.0028064005647862197
1585,36.0,0.002169901368110151
1585,37.0,0.00166483330001119
1585,38.0,0.0012660669794823775
1585,39.0,0.0009529810037405947
1585,40.0,0.000708817922759556
1585,41.0,0.000519904067205482
1585,42.0,0.0003751163266472982
1585,43.0,0.00026537195430303826
1585,44.0,0.00018331379272227657
1585,45.0,0.00012300623318246633
1585,46.0,7.957438899014985e-05
1585,47.0,4.9139578463709975e-05
1585,48.0,2.8545931700450984e-05
1585,49.0,1.5249414045099263e-05
1585,50.0,7.225777583954578e-06
1585,51.0,2.845843066133896e-06
1585,52.0,8.178840707406603e-07
1585,53.0,1.2682226959921058e-07
1585,54.0,2.2624849216313865e-09
1585,55.0,0.0
1585,56.0,0.0
1585,57.0,0.0
1585,58.0,0.0
1585,59.0,0.0
1585,60.0,0.0
1585,61.0,0.0
1585,62.0,0.0
1585,63.0,0.0
1585,64.0,0.0
1585,65.0,0.0
1585,66.0,0.0
1585,67.0,0.0
1585,68.0,0.0
1585,69.0,0.0
1585,70.0,0.0
1585,71.0,0.0
1585,72.0,0.0
1585,73.0,0.0
1585,74.0,0.0
1585,75.0,0.0
1585,76.0,0.0
1585,77.0,0.0
1585,78.0,0.0
1585,79.0,0.0
1585,80.0,0.0
1585,81.0,0.0
1585,82.0,0.0
1585,83.0,0.0
1585,84.0,0.0
1585,85.0,0.0
1585,86.0,0.0
1585,87.0,0.0
1585,88.0,0.0
1585,89.0,0.0
1585,90.0,0.0
1585,91.0,0.0
1585,92.0,0.0
1585,93.0,0.0
1585,94.0,0.0
1585,95.0,0.0
1585,96.0,0.0
1585,97.0,0.0
1585,98.0,0.0
1585,99.0,0.0
1995,1.77,325.9906230475804
1995,2.0,280.3377371398421
1995,2.36,221.8404538869403
1995,2.7199999999999998,176.14116130177317
1995,3.08,140.36550080785457
1995,3.44,112.25296343844157
1995,3.8,90.06803269021704
1995,4.16,72.48197054800924
1995,4.52,58.48424775921789
1995,4.88,47.297830099405004
1995,5.24,38.32664713117013
1995,5.6,31.110533084710674
1995,5.96,25.289859300056676
1995,6.32,20.584034467917377
1995,6.68,16.77259889907951
1995,7.04,13.680632598462642
1995,7.3999999999999995,11.169423606443415
1995,7.76,9.128227891190503
1995,8.120000000000001,7.4680561137492205
1995,8.48,6.117389822506771
1995,8.84,5.018428672920624
1995,9.2,4.124488359512008
1995,9.559999999999999,3.3972869565572066
1995,9.92,2.806020945093685
1995,10.28,2.325471169060336
1995,10.64,1.9349672041288548
1995,11.0,1.6176895693962132
1995,11.36,1.3598644195879466
1995,11.719999999999999,1.1502481701401137
1995,12.08,0.9796535654924668
1995,12.44,0.8405898650904647
1995,12.799999999999999,0.7269271490958913
1995,13.16,0.6337122120770434
1995,13.52,0.5569188198168541
1995,13.879999999999999,0.493287089576518
1995,14.24,0.4401986961672766
1995,14.6,0.3955453554387587
1995,14.959999999999999,0.3576402403405407
1995,15.32,0.32514534297270403
1995,15.68,0.29701047437371225
1995,16.04,0.27238340882501527
1995,16.4,0.25061884583088634
1995,16.759999999999998,0.23120428642705082
1995,17.119999999999997,0.21373513371450337
1995,17.479999999999997,0.19790949300693997
1995,17.84,0.18348068477805243
1995,18.2,0.17026026066486402
1995,18.56,0.15810573165587274
1995,18.919999999999998,0.14689470285537676
1995,19.28,0.1365325771472638
1995,19.64,0.1269443236167112
1995,20.0,0.11806301821089836
1995,21.0,0.096648348689403
1995,22.0,0.07927031064969012
1995,23.0,0.06513536312052572
1995,24.0,0.053604197562320884
1995,25.0,0.04415379949204317
1995,26.0,0.0363809013425113
1995,27.0,0.029969715866897614
1995,28.0,0.02467497680132462
1995,29.0,0.020298532025154116
1995,30.0,0.01668024915440839
1995,31.0,0.013688042709744032
1995,32.0,0.011213151331517174
1995,33.0,0.009166861836822898
1995,34.0,0.007476457691751428
1995,35.0,0.00608109879640551
1995,36.0,0.004930998236546626
1995,37.0,0.0039844342263401136
1995,38.0,0.0032070601104423964
1995,39.0,0.002569884216130056
1995,40.0,0.002049078835958194
1995,41.0,0.0016246831094191643
1995,42.0,0.001280045054377179
1995,43.0,0.0010012506661688427
1995,44.0,0.0007767859458409415
1995,45.0,0.0005970370288482819
1995,46.0,0.000453956384716252
1995,47.0,0.00034086915479552817
1995,48.0,0.0002522682813536079
1995,49.0,0.00018350174740743635
1995,50.0,0.00013078013485366824
1995,51.0,9.093070999128065e-05
1995,52.0,6.133953422939322e-05
1995,53.0,3.984190381202629e-05
1995,54.0,2.4659286608270505e-05
1995,55.0,1.4319562822107695e-05
1995,56.0,7.619895761823387e-06
1995,57.0,3.5723281069175156e-06
1995,58.0,1.3734866384891455e-06
1995,59.0,3.724231156467423e-07
1995,60.0,4.852483600298911e-08
1995,61.0,3.41337890250425e-10
1995,62.0,0.0
1995,63.0,0.0
1995,64.0,0.0
1995,65.0,0.0
1995,66.0,0.0
1995,67.0,0.0
1995,68.0,0.0
1995,69.0,0.0
1995,70.0,0.0
1995,71.0,0.0
1995,72.0,0.0
1995,73.0,0.0
1995,74.0,0.0
1995,75.0,0.0
1995,76.0,0.0
1995,77.0,0.0
1995,78.0,0.0
1995,79.0,0.0
1995,80.0,0.0
1995,81.0,0.0
1995,82.0,0.0
1995,83.0,0.0
1995,84.0,0.0
1995,85.0,0.0
1995,86.0,0.0
1995,87.0,0.0
1995,88.0,0.0
1995,89.0,0.0
1995,90.0,0.0
1995,91.0,0.0
1995,92.0,0.0
1995,93.0,0.0
1995,94.0,0.0
1995,95.0,0.0
1995,96.0,0.0
1995,97.0,0.0
1995,98.0,0.0
1995,99.0,0.0
2512,1.77,388.241611186871
2512,2.0,336.55664320923296
2512,2.36,269.80618675419674
2512,2.7199999999999998,217.1284188079397
2512,3.08,175.45140926996748
2512,3.44,142.34245167615643
2512,3.8,115.91595154902734
2512,4.16,94.7189542723747
2512,4.52,77.63741313407942
2512,4.88,63.810205250132555
2512,5.24,52.57338336063564
2512,5.6,43.40668278542535
2512,5.96,35.904625191754555
2512,6.32,29.746396226752633
2512,6.68,24.67847664982259
2512,7.04,20.49846529574948
2512,7.3999999999999995,17.044248877866096
2512,7.76,14.185401370836091
2512,8.120000000000001,11.816037007603008
2512,8.48,9.85035370055407
2512,8.84,8.218114071191593
2512,9.2,6.862228113298333
2512,9.559999999999999,5.735426105647467
2512,9.92,4.798753253486567
2512,10.28,4.020174566281973
2512,10.64,3.373024820769129
2512,11.0,2.8352329964505265
2512,11.36,2.388480629263299
2512,11.719999999999999,2.0173816019879154
2512,12.08,1.7092148417345145
2512,12.44,1.4533570149285766
2512,12.799999999999999,1.240915680134316
2512,13.16,1.0644672841668532
2512,13.52,0.9178365094557663
2512,13.879999999999999,0.7958674399870284
2512,14.24,0.6942568346962951
2512,14.6,0.6094278496003674
2512,14.959999999999999,0.5384249833661005
2512,15.32,0.47876178699873867
2512,15.68,0.4284285797258368
2512,16.04,0.3857272635992975
2512,16.4,0.34929024730884234
2512,16.759999999999998,0.317979324309055
2512,17.119999999999997,0.2908683212201435
2512,17.479999999999997,0.26720754715177164
2512,17.84,0.24638560131342294
2512,18.2,0.2279126510364146
2512,18.56,0.21139011762360196
2512,18.919999999999998,0.1965014967459179
2512,19.28,0.1829937475984396
2512,19.64,0.17065959025057043
2512,20.0,0.1593380471190061
2512,21.0,0.13222110574553228
2512,22.0,0.11011456581950566
2512,23.0,0.09189235605652403
2512,24.0,0.07680960534336563
2512,25.0,0.06430721428032693
2512,26.0,0.0539220349326088
2512,27.0,0.04527275964677023
2512,28.0,0.038044117026070946
2512,29.0,0.031982624274975474
2512,30.0,0.02688761817148646
2512,31.0,0.0225976858351024
2512,32.0,0.018983363832278125
2512,33.0,0.01593598347019211
2512,34.0,0.013366611251828598
2512,35.0,0.011198912200252504
2512,36.0,0.009370445486968595
2512,37.0,0.007828356542749795
2512,38.0,0.00652823253298495
2512,39.0,0.005433223562940032
2512,40.0,0.0045116011544411635
2512,41.0,0.003736753576197847
2512,42.0,0.0030861568532561676
2512,43.0,0.0025408451436398764
2512,44.0,0.002084460799068783
2512,45.0,0.0017034020189989776
2512,46.0,0.0013859359387990283
2512,47.0,0.0011221663921610837
2512,48.0,0.0009036757619776777
2512,49.0,0.0007233036960747105
2512,50.0,0.0005749779750819199
2512,51.0,0.0004535472964098643
2512,52.0,0.0003546266219289367
2512,53.0,0.00027451867554482924
2512,54.0,0.0002100728275849174
2512,55.0,0.0001586289467049389
2512,56.0,0.0001179338491123409
2512,57.0,8.609167306336145e-05
2512,58.0,6.149425522574172e-05
2512,59.0,4.278069067900155e-05
2512,60.0,2.8816219149418955e-05
2512,61.0,1.8639208844469434e-05
2512,62.0,1.1444694569024838e-05
2512,63.0,6.55701659601947e-06
2512,64.0,3.4124734716740527e-06
2512,65.0,1.541077529638514e-06
2512,66.0,5.532311163372995e-07
2512,67.0,1.29312179615011e-07
2512,68.0,1.092773313796835e-08
2512,69.0,0.0
2512,70.0,0.0
2512,71.0,0.0
2512,72.0,0.0
2512,73.0,0.0
2512,74.0,0.0
2512,75.0,0.0
2512,76.0,0.0
2512,77.0,0.0
2512,78.0,0.0
2512,79.0,0.0
2512,80.0,0.0
2512,81.0,0.0
2512,82.0,0.0
2512,83.0,0.0
2512,84.0,0.0
2512,85.0,0.0
2512,86.0,0.0
2512,87.0,0.0
2512,88.0,0.0
2512,89.0,0.0
2512,90.0,0.0
2512,91.0,0.0
2512,92.0,0.0
2512,93.0,0.0
2512,94.0,0.0
2512,95.0,0.0
2512,96.0,0.0
2512,97.0,0.0
2512,98.0,0.0
2512,99.0,0.0
3162,1.77,454.9347233874568
3162,2.0,397.10771222512886
3162,2.36,321.9173984918573
3162,2.7199999999999998,262.0677654973029
3162,3.08,214.29592123804835
3162,3.44,175.9970207022544
3162,3.8,145.13570625572544
3162,4.16,120.13976164827754
3162,4.52,99.79111603665245
3162,4.88,83.14590361960799
3162,5.24,69.46947886839422
3162,5.6,58.18671972897651
3162,5.96,48.843482577166185
3162,6.32,41.07983376563134
3162,6.68,34.60914222805736
3162,7.04,29.201212403894083
3162,7.3999999999999995,24.67063186130696
3162,7.76,20.866803331947995
3162,8.120000000000001,17.667296673045943
3162,8.48,14.971367689590142
3162,8.84,12.696850302630493
3162,9.2,10.77544357138861
3162,9.559999999999999,9.151146225200009
3162,9.92,7.776421074464201
3162,10.28,6.612569683516492
3162,10.64,5.626866467121871
3162,11.0,4.791487356658476
3162,11.36,4.083675864793438
3162,11.719999999999999,3.4838790938688162
3162,12.08,2.975595913376432
3162,12.44,2.544927430032743
3162,12.799999999999999,2.180070200929832
3162,13.16,1.8710949170668314
3162,13.52,1.6094200098899007
3162,13.879999999999999,1.3879004462650926
3162,14.24,1.200346139434084
3162,14.6,1.0415893681432993
3162,14.959999999999999,0.9071481920808375
3162,15.32,0.7932598593091614
3162,15.68,0.6967355827310171
3162,16.04,0.6148095538761978
3162,16.4,0.5451991297873858
3162,16.759999999999998,0.48593274447214857
3162,17.119999999999997,0.4353530630129588
3162,17.479999999999997,0.39205976707685186
3162,17.84,0.35486356296385957
3162,18.2,0.3227749789952306
3162,18.56,0.2949600022229527
3162,18.919999999999998,0.27071457634532026
3162,19.28,0.2494626968730711
3162,19.64,0.23071369094593422
3162,20.0,0.21406215820711458
3162,21.0,0.17626283768573403
3162,22.0,0.14723866862288507
3162,23.0,0.12404625584224757
3162,24.0,0.10499874596304248
3162,25.0,0.0891031443945034
3162,26.0,0.07573940530743896
3162,27.0,0.06446677101347546
3162,28.0,0.054946827826874683
3162,29.0,0.046895644503550556
3162,30.0,0.040071569924425295
3162,31.0,0.034272746942149594
3162,32.0,0.029330557291810812
3162,33.0,0.025107343306370683
3162,34.0,0.021492305148685262
3162,35.0,0.018394178166821096
3162,36.0,0.015737070034987456
3162,37.0,0.013457434053755367
3162,38.0,0.011500941135250338
3162,39.0,0.009821109434799942
3162,40.0,0.008378985324330089
3162,41.0,0.007140486814944503
3162,42.0,0.006077544012221136
3162,43.0,0.00516527288572155
3162,44.0,0.004382945561393973
3162,45.0,0.0037124942266734415
3162,46.0,0.0031383935611674746
3162,47.0,0.002647296234930974
3162,48.0,0.002227664592820489
3162,49.0,0.001869588214280041
3162,50.0,0.0015644713266295001
3162,51.0,0.0013049829192796306
3162,52.0,0.0010847060192193977
3162,53.0,0.0008980728334260472
3162,54.0,0.0007403765748785788
3162,55.0,0.0006074550595949259
3162,56.0,0.0004957809864327969
3162,57.0,0.0004022493415431014
3162,58.0,0.0003242250100632418
3162,59.0,0.0002594116414091302
3162,60.0,0.00020582970353015447
3162,61.0,0.0001617823841589661
3162,62.0,0.00012579980685838686
3162,63.0,9.662003232640617e-05
3162,64.0,7.31576336136492e-05
3162,65.0,5.447510636197246e-05
3162,66.0,3.977572316391295e-05
3162,67.0,2.83690626169077e-05
3162,68.0,1.9667097921477672e-05
3162,69.0,1.3165642619324041e-05
3162,70.0,8.432379873784272e-06
3162,71.0,5.100529517214738e-06
3162,72.0,2.856569175382889e-06
3162,73.0,1.4347887457207648e-06
3162,74.0,6.111485603548168e-07
3162,75.0,1.9690703257241898e-07
3162,76.0,3.584729792374472e-08
3162,77.0,1.2560171918267379e-09
3162,78.0,0.0
3162,79.0,0.0
3162,80.0,0.0
3162,81.0,0.0
3162,82.0,0.0
3162,83.0,0.0
3162,84.0,0.0
3162,85.0,0.0
3162,86.0,0.0
3162,87.0,0.0
3162,88.0,0.0
3162,89.0,0.0
3162,90.0,0.0
3162,91.0,0.0
3162,92.0,0.0
3162,93.0,0.0
3162,94.0,0.0
3162,95.0,0.0
3162,96.0,0.0
3162,97.0,0.0
3162,98.0,0.0
3162,99.0,0.0
3981,1.77,525.778340207819
3981,2.0,461.7098169426075
3981,2.36,377.92030794688395
3981,2.7199999999999998,310.7351155533587
3981,3.08,256.70410786788545
3981,3.44,213.0506241676856
3981,3.8,177.59387864823915
3981,4.16,148.63801399998943
3981,4.52,124.86534766266053
3981,4.88,105.24986387171268
3981,5.24,88.98771580896235
3981,5.6,75.44637502358678
3981,5.96,64.12450158091886
3981,6.32,54.623040279244535
3981,6.68,46.62207724668258
3981,7.04,39.863722713314175
3981,7.3999999999999995,34.13900532323159
3981,7.76,29.277792380773008
3981,8.120000000000001,25.140352009610254
3981,8.48,21.610984802373963
3981,8.84,18.594852560737017
3981,9.2,16.013572152362606
3981,9.559999999999999,13.801485057562921
3981,9.92,11.902742732899682
3981,10.28,10.27146245876492
3981,10.64,8.868955451301025
3981,11.0,7.661734199044944
3981,11.36,6.622240516092558
3981,11.719999999999999,5.726734462997687
3981,12.08,4.954782906035957
3981,12.44,4.289434027392606
3981,12.799999999999999,3.715616550727056
3981,13.16,3.22085851706345
3981,13.52,2.794188102619534
3981,13.879999999999999,2.4263491254350216
3981,14.24,2.1091234043722733
3981,14.6,1.835777703297711
3981,14.959999999999999,1.6001030877170648
3981,15.32,1.3970738194099392
3981,15.68,1.222107587881256
3981,16.04,1.0714222736292813
3981,16.4,0.9415931378511384
3981,16.759999999999998,0.8297516144600945
3981,17.119999999999997,0.7333915686224506
3981,17.479999999999997,0.6503273678344844
3981,17.84,0.5787000979045301
3981,18.2,0.5168855583315751
3981,18.56,0.46346871078376456
3981,18.919999999999998,0.41725574269642735
3981,19.28,0.3772028198922295
3981,19.64,0.3424106475421195
3981,20.0,0.3121163242037389
3981,21.0,0.24636183900488232
3981,22.0,0.19985656897268358
3981,23.0,0.16572215289864295
3981,24.0,0.13963262619079575
3981,25.0,0.11891680245548855
3981,26.0,0.1019501790863577
3981,27.0,0.08774200745066053
3981,28.0,0.07568595846187486
3981,29.0,0.06538035342862075
3981,30.0,0.05654400840824542
3981,31.0,0.048957464453636364
3981,32.0,0.04243714165002237
3981,33.0,0.0368265018119848
3981,34.0,0.03198933901489543
3981,35.0,0.027808548789307577
3981,36.0,0.024187373347132533
3981,37.0,0.021043560908671807
3981,38.0,0.01830946433715666
3981,39.0,0.015929570654824792
3981,40.0,0.013856110512081061
3981,41.0,0.012048986360755519
3981,42.0,0.010473457651665123
3981,43.0,0.0090995415706104
3981,44.0,0.007901050750446038
3981,45.0,0.006855462152505577
3981,46.0,0.005943199683622967
3981,47.0,0.005147381949062958
3981,48.0,0.00445326749141839
3981,49.0,0.0038481629429074566
3981,50.0,0.00332089038170559
3981,51.0,0.0028617061419196326
3981,52.0,0.0024620639698937235
3981,53.0,0.0021145620667917023
3981,54.0,0.0018126408004695298
3981,55.0,0.0015505947355900877
3981,56.0,0.0013234522040415943
3981,57.0,0.001126815670683251
3981,58.0,0.0009568045176298508
3981,59.0,0.0008100788876057076
3981,60.0,0.0006836557709948989
3981,61.0,0.0005749533765853953
3981,62.0,0.0004816862117351881
3981,63.0,0.00040185575357766756
3981,64.0,0.0003337005099391707
3981,65.0,0.0002756992453497154
3981,66.0,0.00022648954811629667
3981,67.0,0.00018489839199906346
3981,68.0,0.00014988984466798036
3981,69.0,0.00012055692866972901
3981,70.0,9.611373331042929e-05
3981,71.0,7.586185605202561e-05
3981,72.0,5.919880019569348e-05
3981,73.0,4.559623172293711e-05
3981,74.0,3.459203363012888e-05
3981,75.0,2.578448810361897e-05
3981,76.0,1.882334842560002e-05
3981,77.0,1.3403270157187442e-05
3981,78.0,9.259575099124754e-06
3981,79.0,6.162069878169398e-06
3981,80.0,3.910637632381959e-06
3981,81.0,2.33269865471065e-06
3981,82.0,1.279107825809742e-06
3981,83.0,6.21514352669857e-07
3981,84.0,2.502177057904286e-07
3981,85.0,7.223723154279322e-08
3981,86.0,9.870392337128473e-09
3981,87.0,7.703162815353745e-11
3981,88.0,0.0
3981,89.0,0.0
3981,90.0,0.0
3981,91.0,0.0
3981,92.0,0.0
3981,93.0,0.0
3981,94.0,0.0
3981,95.0,0.0
3981,96.0,0.0
3981,97.0,0.0
3981,98.0,0.0
3981,99.0,0.0
5012,1.77,600.2765584925546
5012,2.0,529.8921866981534
5012,2.36,437.387228096645
5012,2.7199999999999998,362.7470854884271
5012,3.08,302.3319390000198
5012,3.44,253.1997393117704
5012,3.8,213.02099804907698
5012,4.16,179.98155577576125
5012,4.52,152.6636332782903
5012,4.88,129.95832050617557
5012,5.24,110.99297177333507
5012,5.6,95.07745001662524
5012,5.96,81.66540547315826
5012,6.32,70.31764425335766
5012,6.68,60.68106769594716
5012,7.04,52.470241654697745
5012,7.3999999999999995,45.4532350666724
5012,7.76,39.43885205551188
5012,8.120000000000001,34.2714989463063
5012,8.48,29.82085194458454
5012,8.84,25.978244103601135
5012,9.2,22.65483386151886
5012,9.559999999999999,19.77598803731513
5012,9.92,17.277477504174943
5012,10.28,15.105735383062079
5012,10.64,13.216160498999011
5012,11.0,11.569989487560951
5012,11.36,10.134101747690602
5012,11.719999999999999,8.880958490088485
5012,12.08,7.786218621600686
5012,12.44,6.82922670558699
5012,12.799999999999999,5.992339965145369
5012,13.16,5.259869479890498
5012,13.52,4.6188468731782555
5012,13.879999999999999,4.057467453596796
5012,14.24,3.565929254753461
5012,14.6,3.135357899065045
5012,14.959999999999999,2.7581827848004616
5012,15.32,2.4278591076796854
5012,15.68,2.138523361663951
5012,16.04,1.8851199084140335
5012,16.4,1.663218530923029
5012,16.759999999999998,1.4689306819058576
5012,17.119999999999997,1.2988656438909318
5012,17.479999999999997,1.1500062866539573
5012,17.84,1.019727974978974
5012,18.2,0.905739265408041
5012,18.56,0.8060016178550787
5012,18.919999999999998,0.7187412595718874
5012,19.28,0.6423691475423648
5012,19.64,0.575545143635493
5012,20.0,0.5170392215007688
5012,21.0,0.3898214563735281
5012,22.0,0.30120790061520974
5012,23.0,0.23876519016708375
5012,24.0,0.19395861149097587
5012,25.0,0.16099704726487976
5012,26.0,0.1360076344297319
5012,27.0,0.11643156725225046
5012,28.0,0.10061078927533605
5012,29.0,0.0874790638830109
5012,30.0,0.07635653581426852
5012,31.0,0.06680512551789843
5012,32.0,0.05853620848444568
5012,33.0,0.051344898427945526
5012,34.0,0.045080254662351014
5012,35.0,0.03961633718031605
5012,36.0,0.03484841755019424
5012,37.0,0.03068341177180366
5012,38.0,0.027039479252090482
5012,39.0,0.023845909283997754
5012,40.0,0.0210412108893261
5012,41.0,0.018572854791551248
5012,42.0,0.016397486585188
5012,43.0,0.014477678734447117
5012,44.0,0.01278187546818647
5012,45.0,0.011283095298033865
5012,46.0,0.009958006959890508
5012,47.0,0.008786041420119404
5012,48.0,0.007749310550408607
5012,49.0,0.006832098028693371
5012,50.0,0.006020363296038848
5012,51.0,0.005301862175828229
5012,52.0,0.004665984181176821
5012,53.0,0.004103228639241699
5012,54.0,0.003605236546043662
5012,55.0,0.0031647555055276952
5012,56.0,0.0027752552794128166
5012,57.0,0.0024309637008748932
5012,58.0,0.0021268179873977873
5012,59.0,0.001858271594016971
5012,60.0,0.0016213361693122917
5012,61.0,0.0014124272434627727
5012,62.0,0.001228379004962209
5012,63.0,0.0010664102937893774
5012,64.0,0.0009239963228208049
5012,65.0,0.000798922156232433
5012,66.0,0.0006892315151555521
5012,67.0,0.0005931319527962615
5012,68.0,0.0005090925998540134
5012,69.0,0.0004356987630416709
5012,70.0,0.0003717275710529077
5012,71.0,0.00031607429911082255
5012,72.0,0.00026776192446606396
5012,73.0,0.00022591921805504073
5012,74.0,0.00018977662963963615
5012,75.0,0.0001586445171628725
5012,76.0,0.00013191336311833672
5012,77.0,0.00010904056456872665
5012,78.0,8.95472879628562e-05
5012,79.0,7.30057453642274e-05
5012,80.0,5.903714712737569e-05
5012,81.0,4.730693754998058e-05
5012,82.0,3.7517770306640225e-05
5012,83.0,2.9407129540965657e-05
5012,84.0,2.2741671574029787e-05
5012,85.0,1.7315639943003614e-05
5012,86.0,1.2947500855086138e-05
5012,87.0,9.476525027191624e-06
5012,88.0,6.761035682772816e-06
5012,89.0,4.676416598131212e-06
5012,90.0,3.112566186191326e-06
5012,91.0,1.9731284542693547e-06
5012,92.0,1.1735201091599728e-06
5012,93.0,6.398562234802061e-07
5012,94.0,3.0775485435738926e-07
5012,95.0,1.2158201321562206e-07
5012,96.0,3.372443850869213e-08
5012,97.0,4.072736807191478e-09
5012,98.0,7.974476543330719e-12
5012,99.0,0.0
6310,1.77,678.0088348084665
6310,2.0,601.257907382073
6310,2.36,499.94496660096837
6310,2.7199999999999998,417.7558074543397
6310,3.08,350.86170648462866
6310,3.44,296.1506168551219
6310,3.8,251.15366969169892
6310,4.16,213.93335280093333
6310,4.52,182.97313013718195
6310,4.88,157.08115808581755
6310,5.24,135.31737710623764
6310,5.6,116.93657336779337
6310,5.96,101.34349382345493
6310,6.32,88.06053987243455
6310,6.68,76.70275187885923
6310,7.04,66.95632154804241
6310,7.3999999999999995,58.565216206501454
6310,7.76,51.319032698406644
6310,8.120000000000001,45.04482502356907
6310,8.48,39.59769067176153
6310,8.84,34.85735943047218
6310,9.2,30.722226640667216
6310,9.559999999999999,27.10863189069248
6310,9.92,23.945282049030936
6310,10.28,21.170273536018033
6310,10.64,18.732587491118903
6310,11.0,16.588585922773838
6310,11.36,14.699702531614143
6310,11.719999999999999,13.033872324180466
6310,12.08,11.563411288829025
6310,12.44,10.263670281484991
6310,12.799999999999999,9.114484295013277
6310,13.16,8.09692284065991
6310,13.52,7.195824999115365
6310,13.879999999999999,6.396992097867033
6310,14.24,5.688803804079211
6310,14.6,5.060383120631771
6310,14.959999999999999,4.502798247826313
6310,15.32,4.007729127902433
6310,15.68,3.568194061809925
6310,16.04,3.1778017290610436
6310,16.4,2.8310680605546077
6310,16.759999999999998,2.5230450031869522
6310,17.119999999999997,2.249441762567428
6310,17.479999999999997,2.0064520096989042
6310,17.84,1.7905568166260384
6310,18.2,1.5988259574337254
6310,18.56,1.4285952522831409
6310,18.919999999999998,1.2773930772621434
6310,19.28,1.1431857457723869
6310,19.64,1.0240475917077434
6310,20.0,0.9182950125928894
6310,21.0,0.6829787540231155
6310,22.0,0.5141989076634782
6310,23.0,0.39307888669442087
6310,24.0,0.30593128287927757
6310,25.0,0.24288293429974003
6310,26.0,0.1968402814537552
6310,27.0,0.1627393066380618
6310,28.0,0.1369922931828929
6310,29.0,0.11709851105689717
6310,30.0,0.1013242151427272
6310,31.0,0.08848276882109007
6310,32.0,0.07777786629044818
6310,33.0,0.06867089549836991
6310,34.0,0.060806470355519344
6310,35.0,0.05394210454266512
6310,36.0,0.04791126831388298
6310,37.0,0.042592880014460315
6310,38.0,0.03789422417539256
6310,39.0,0.033739475825688606
6310,40.0,0.030063875141356455
6310,41.0,0.02681004917400438
6310,42.0,0.023926730954779835
6310,43.0,0.02136868887096538
6310,44.0,0.01909562728018774
6310,45.0,0.017072434709924655
6310,46.0,0.01526853887932489
6310,47.0,0.013658278470896637
6310,48.0,0.012218846499436203
6310,49.0,0.010931190013533989
6310,50.0,0.009778585942802976
6310,51.0,0.008746434943896729
6310,52.0,0.007821891281698534
6310,53.0,0.0069936176147310175
6310,54.0,0.006251378374704865
6310,55.0,0.0055861443593445675
6310,56.0,0.004989768643556802
6310,57.0,0.00445510098184473
6310,58.0,0.003975725301522225
6310,59.0,0.0035459003877082854
6310,60.0,0.0031605476860977716
6310,61.0,0.0028151669957513638
6310,62.0,0.002505637490007918
6310,63.0,0.00222833278139995
6310,64.0,0.0019800064661296586
6310,65.0,0.0017576804309727785
6310,66.0,0.0015587392027881157
6310,67.0,0.0013808011405049706
6310,68.0,0.0012217357535843974
6310,69.0,0.0010796391586240244
6310,70.0,0.0009527782577041625
6310,71.0,0.0008396139700987624
6310,72.0,0.000738742889339106
6310,73.0,0.0006489203509548294
6310,74.0,0.0005690069277886606
6310,75.0,0.0004979869759188343
6310,76.0,0.00043494011025426663
6310,77.0,0.00037904125788723635
6310,78.0,0.0003295474352896188
6310,79.0,0.00028579272577350335
6310,80.0,0.0002471645547185626
6310,81.0,0.000213129909629324
6310,82.0,0.00018319233511434073
6310,83.0,0.00015691510325271422
6310,84.0,0.0001339019500870168
6310,85.0,0.00011379595862478501
6310,86.0,9.627769363442162e-05
6310,87.0,8.105815129312983e-05
6310,88.0,6.787743636129355e-05
6310,89.0,5.650604530851789e-05
6310,90.0,4.6732079290313084e-05
6310,91.0,3.836936423316084e-05
6310,92.0,3.124908629598756e-05
6310,93.0,2.5220549042150478e-05
6310,94.0,2.014803222494887e-05
6310,95.0,1.5910697833339665e-05
6310,96.0,1.239954954116192e-05
6310,97.0,9.517471791030092e-06
6310,98.0,7.1770902912153165e-06
6310,99.0,5.301315957114647e-06
7943,1.77,758.5218066722008
7943,2.0,675.3612717300066
7943,2.36,565.1815000166555
7943,2.7199999999999998,475.373010753775
7943,3.08,401.930430501786
7943,3.44,341.57020783071385
7943,3.8,291.68210474552683
7943,4.16,250.20818520209858
7943,4.52,215.53196705449693
7943,4.88,186.38030430632108
7943,5.24,161.74594978725742
7943,5.6,140.82653982038494
7943,5.96,122.98186287498042
7943,6.32,107.69499816612388
7943,6.68,94.54767947458984
7943,7.04,83.19806331725093
7943,7.3999999999999995,73.36790591193429
7943,7.76,64.82685265469998
7943,8.120000000000001,57.38412179909423
7943,8.48,50.879537033139265
7943,8.84,45.18142614226723
7943,9.2,40.17831192194172
7943,9.559999999999999,35.77462550733296
7943,9.92,31.891320924070108
7943,10.28,28.460934716850304
7943,10.64,25.424096073423495
7943,11.0,22.732334981910004
7943,11.36,20.342469751068432
7943,11.719999999999999,18.217181707269948
7943,12.08,16.325820154155938
7943,12.44,14.639440038734048
7943,12.799999999999999,13.135208865682575
7943,13.16,11.791320346548185
7943,13.52,10.590146957270388
7943,13.879999999999999,9.515246224474975
7943,14.24,8.552808215783772
7943,14.6,7.690281380854614
7943,14.959999999999999,6.917092361828274
7943,15.32,6.223285506970981
7943,15.68,5.600734904280141
7943,16.04,5.041482002739472
7943,16.4,4.539352484432726
7943,16.759999999999998,4.0879492974897795
7943,17.119999999999997,3.6823131670845264
7943,17.479999999999997,3.317628581956443
7943,17.84,2.98960552748934
7943,18.2,2.69477345824513
7943,18.56,2.4294838044821727
7943,18.919999999999998,2.1908947847253604
7943,19.28,1.976318948909565
7943,19.64,1.7832694302797485
7943,20.0,1.6096621503922728
7943,21.0,1.2137424786107713
7943,22.0,0.9191026800936017
7943,23.0,0.7000084574854573
7943,24.0,0.5372840787395783
7943,25.0,0.4164726268754987
7943,26.0,0.3267498915344511
7943,27.0,0.2599986970838106
7943,28.0,0.21015469135748355
7943,29.0,0.1726871408164302
7943,30.0,0.14425660918468078
7943,31.0,0.12239331397407208
7943,32.0,0.10529749057137337
7943,33.0,0.0916659372779773
7943,34.0,0.08056689203838988
7943,35.0,0.07133526892657518
7943,36.0,0.06350829994513985
7943,37.0,0.056758667173709816
7943,38.0,0.05086160442009863
7943,39.0,0.04565822280739563
7943,40.0,0.041036538396683
7943,41.0,0.03691444600909797
7943,42.0,0.03322878583876493
7943,43.0,0.02992990462816766
7943,44.0,0.026975107466719075
7943,45.0,0.024327494950419942
7943,46.0,0.02195412093795085
7943,47.0,0.019824993173993884
7943,48.0,0.01791321689864661
7943,49.0,0.016194627359005415
7943,50.0,0.014647522596918039
7943,51.0,0.01325291230528322
7943,52.0,0.011994217406918773
7943,53.0,0.010856869587371094
7943,54.0,0.009828215615734718
7943,55.0,0.008897186552764537
7943,56.0,0.008054026572318471
7943,57.0,0.007290244236512375
7943,58.0,0.006598142920465855
7943,59.0,0.005970883424171941
7943,60.0,0.0054022961383524285
7943,61.0,0.0048867850815676695
7943,62.0,0.004419350759541679
7943,63.0,0.00399543907187987
7943,64.0,0.003610937070274049
7943,65.0,0.003262167191518431
7943,66.0,0.002945807602157519
7943,67.0,0.0026588723081668545
7943,68.0,0.0023986291971682203
7943,69.0,0.002162633890565045
7943,70.0,0.0019486849748793025
7943,71.0,0.0017547643408124705
7943,72.0,0.0015790320781835505
7943,73.0,0.0014198497079294318
7943,74.0,0.0012756998452115177
7943,75.0,0.0011452023389479508
7943,76.0,0.0010271220138659905
7943,77.0,0.000920322282151381
7943,78.0,0.0008237792210594244
7943,79.0,0.0007365625968144376
7943,80.0,0.0006578095505437328
7943,81.0,0.000586754506077833
7943,82.0,0.0005226877968930579
7943,83.0,0.000464963234087323
7943,84.0,0.00041299802752973823
7943,85.0,0.0003662602260010953
7943,86.0,0.00032426125907294827
7943,87.0,0.0002865636596691584
7943,88.0,0.0002527615101746765
7943,89.0,0.00022248692043205207
7943,90.0,0.000195409879147872
7943,91.0,0.00017122511417680682
7943,92.0,0.00014965312089515562
7943,93.0,0.0001304462975935264
7943,94.0,0.00011337248854778331
7943,95.0,9.822278377670284e-05
7943,96.0,8.481120821316267e-05
7943,97.0,7.296035136198197e-05
7943,98.0,6.251655514578646e-05
7943,99.0,5.33349400590128e-05
10000,1.77,841.5274863020821
10000,2.0,751.9244490814668
10000,2.36,632.8141534774121
10000,2.7199999999999998,535.3308436998216
10000,3.08,455.2803789979002
10000,3.44,389.2109105642265
10000,3.8,334.36942310673174
10000,4.16,288.5809151921447
10000,4.52,250.1267205093846
10000,4.88,217.6554063402409
10000,5.24,190.09042107520017
10000,5.6,166.5749949206799
10000,5.96,146.42053959931565
10000,6.32,129.07225842587982
10000,6.68,114.07882986553702
10000,7.04,101.07153456316225
10000,7.3999999999999995,89.74920141587468
10000,7.76,79.85990180940382
10000,8.120000000000001,71.19650596157102
10000,8.48,63.58550700874708
10000,8.84,56.881121692351286
10000,9.2,50.9608280036703
10000,9.559999999999999,45.721470012409924
10000,9.92,41.07312879716729
10000,10.28,36.942372771599196
10000,10.64,33.26419534774874
10000,11.0,29.982729019140027
10000,11.36,27.050944612557345
10000,11.719999999999999,24.427222620019798
10000,12.08,22.075975113985205
10000,12.44,19.96592644944918
10000,12.799999999999999,18.070039506450563
10000,13.16,16.364835609970132
10000,13.52,14.828814399653659
10000,13.879999999999999,13.444605507081112
10000,14.24,12.195251188075217
10000,14.6,11.067330975415723
10000,14.959999999999999,10.047617034566619
10000,15.32,9.125435119122052
10000,15.68,8.290681142575112
10000,16.04,7.534596816298831
10000,16.4,6.84956734635461
10000,16.759999999999998,6.2283068837004345
10000,17.119999999999997,5.6648954237408295
10000,17.479999999999997,5.153498871578887
10000,17.84,4.689207653411889
10000,18.2,4.267564136348302
10000,18.56,3.884534481793185
10000,18.919999999999998,3.5364846496700455
10000,19.28,3.2200731698498406
10000,19.64,2.9325182422719465
10000,20.0,2.670985664562224
10000,21.0,2.062399752492415
10000,22.0,1.594733045475266
10000,23.0,1.2353864122390954
10000,24.0,0.9593962877845021
10000,25.0,0.7475676306743833
10000,26.0,0.5851325161056375
10000,27.0,0.46066498415114987
10000,28.0,0.3653749128387215
10000,29.0,0.29240493872131446
10000,30.0,0.2364933007249212
10000,31.0,0.19356482076174578
10000,32.0,0.16048066425920113
10000,33.0,0.13483898092010327
10000,34.0,0.11480288717544017
10000,35.0,0.09897950951496073
10000,36.0,0.08631514577329943
10000,37.0,0.07602286149037711
10000,38.0,0.06751695108452233
10000,39.0,0.06036689012178058
10000,40.0,0.05425477886239534
10000,41.0,0.04895345072995502
10000,42.0,0.04429556687832153
10000,43.0,0.04016164359988218
10000,44.0,0.03646538683994114
10000,45.0,0.03314168934114104
10000,46.0,0.030142925308775964
10000,47.0,0.027431504416448656
10000,48.0,0.02497652991206438
10000,49.0,0.02275247023961272
10000,50.0,0.020737159311018195
10000,51.0,0.018910193632797823
10000,52.0,0.017253230551883506
10000,53.0,0.01574969510862881
10000,54.0,0.014384377333194316
10000,55.0,0.013143362085271355
10000,56.0,0.012014029624293855
10000,57.0,0.010985262243477007
10000,58.0,0.010047092094381926
10000,59.0,0.009190697233898114
10000,60.0,0.008408318135589368
10000,61.0,0.00769296282253886
10000,62.0,0.007038571613159689
10000,63.0,0.006439696480144071
10000,64.0,0.005891451791322244
10000,65.0,0.005389429473858321
10000,66.0,0.004929688500521155
10000,67.0,0.004508598530971655
10000,68.0,0.0041228339388078164
10000,69.0,0.0037693976926970983
10000,70.0,0.00344553636407311
10000,71.0,0.003148751568657514
10000,72.0,0.002876744404859294
10000,73.0,0.002627443599606921
10000,74.0,0.0023989355110703844
10000,75.0,0.0021894929297980622
10000,76.0,0.001997533931255775
10000,77.0,0.0018216260454628971
10000,78.0,0.0016604454681842453
10000,79.0,0.0015127865439316728
10000,80.0,0.0013775329711040421
10000,81.0,0.0012536778272763565
10000,82.0,0.0011402864866193036
10000,83.0,0.0010364977487614057
10000,84.0,0.0009415296032208785
10000,85.0,0.0008546615290718613
10000,86.0,0.0007752261740145457
10000,87.0,0.0007026187926915491
10000,88.0,0.0006362799131888021
10000,89.0,0.0005756986527929365
10000,90.0,0.0005204028241444277
10000,91.0,0.0004699505926566078
10000,92.0,0.00042395040821782926
10000,93.0,0.00038203315283307464
10000,94.0,0.000343862583077439
10000,95.0,0.0003091236083922806
10000,96.0,0.0002775359787252416
10000,97.0,0.00024883185764755034
10000,98.0,0.0002227717980189932
10000,99.0,0.00019913292556990555
